id,title,company,snippet,min_years,no_sponsorship,citizens_only,clearance
ashby:confluent:81b94a4e-53d3-40d5-9c04-af57bd01961c,"Staff Product Manager, Real Time Data Analytics Platform",Confluent,- 8+ years of experience in product management or related technical roles. | - 5+ years of experience taking technical infrastructure or data products from conception to launch.,8,n,n,n
ashby:aerovect:701fa96b-d96a-4664-901a-cf4ce951726c,"Software Engineer, ML Ops",AeroVect,"- 2+ years of MLOps or data infrastructure experience, ideally in robotics or autonomous systems",2,n,n,n
lever:cgsfederal:f9de3cd8-2b98-4c35-bf3f-7321febedc07,Relativity Archiving Analyst,CGS Federal (Contact Government Services),Qualifications - At least 3 years of hands-on experience with backend Relativity 2022 and prior. | - At least 3 years of hands-on experience with archiving Relativity workspaces. | - At least 3 years of hands-on experience with restoring Relativity archives workspaces. | - Must be a US Citizen - Must be able to obtain a Public Trust security clearance,3,,y,y
lever:quantinuum:3100c89a-8c3d-411f-9701-487a1af4de43,Senior Advanced Ion Trap Fabrication Scientist - 980,Quantinuum,"Minimum Bachelor’s degree with 10+ years’ experience OR Master’s degree with 8+ years’ experience OR PhD with 6+ years’ experience in one or more of the following areas: MEMS fabrication, IC fabrication, integrated optics of waveguides, ion trap fabrication, and chip-scale photonics | citizen permanent resident or green card holder, workers granted asylum or refugee status | citizen.",8,,y,
ashby:decagon:3a68de82-c874-4cd2-b639-17948748e212,"Software Engineer, Platform Security",Decagon,- Have 3-5 years of hands-on application security engineering experience,3,n,n,n
lever:bellese:58c70aec-08e3-4b3b-be5c-c129d0b8e575,"Senior Engineer, Full Stack",Bellese,Security Clearance Requirements | US Citizenship or Green Card only - we do not offer Sponsorship | US Residency for at least the past 3 years,,y,y,y
lever:cgsfederal:42ccaab9-caac-42de-a621-467f153acaa8,Intelligence Analyst,CGS Federal (Contact Government Services),Active Top Secret clearance and eligible for a CI Polygraph,,,,y
lever:weloglobal:b9004a42-2024-4d3a-ba91-3d2b4a1dd06b,Croatian Language Analyst - US-based,Welo Global,US work authorization required (no visa sponsorship),,y,,
ashby:oratomic:7ca2d1d6-48ae-46e8-aeb5-0e3206c15bfd,Engineering Technician,Oratomic,"- Benefits (health and dental coverage, 401K, unlimited PTO, paid family leave, visa sponsorship)",,n,n,n
lever:cgsfederal:46548816-c252-44d6-8932-858dd5d9af94,Senior Discovery Business and System Analyst  (Top Secret Clearance Required),CGS Federal (Contact Government Services),(no matching sentences),,,,y
lever:greenlight:ecadff42-8121-4952-beb6-debc10d640ba,Staff Product Security Engineer,Greenlight,"10+ years of product security experience spanning application security, cloud security, and secure SDLC.",10,,,
lever:weloglobal:5ba468a7-abdd-4321-9ce2-3897439e005c,AI Trainers Network - Telugu,Welo Global,(no matching sentences),,,,
lever:synergyecp:29877bba-e382-4d44-ab6a-794f669e2127,Senior ServiceNow Developer,Synergy ECP,"Location: Mostly Remote, must live in the DMV area Clearance: Secret | - 5 - 10+ years of related software development, ServiceNow, or IT experience. | CLEARANCE REQUIRED: | Secret Clearance | Citizenship | Employees are encouraged to take advantage of our company-sponsored continuing education program so they can get their degree or that next certification needed to propel them towards the next level.",5,,y,y
lever:cgsfederal:8d874c02-6b14-42ef-8c87-67f287b233de,Intelligence Analyst/Review Attorney,CGS Federal (Contact Government Services),(no matching sentences),,,,
ashby:contoro:cf7c8043-8fbe-4c7e-b91f-ee6db2a616c5,Robotics Engineer Intern - Test & Validation (Fall 2026),Contoro,(no matching sentences),,,,
lever:cgsfederal:ebdda3ba-67fa-47e4-8d01-02d9d7323003,CommVault Systems Engineer,CGS Federal (Contact Government Services),- Federal Agency issued security clearance.,,,,y
ashby:distyl:a5d2b03b-61e2-4a83-9e74-beea1e3e7e72,"AI Engineer, Enterprise Lead",Distyl AI,"- 8+ years of software engineering experience, including experience leading technical teams through ambiguous, high-stakes production delivery",8,,,
lever:cologix:787878af-acd2-41d8-b559-a5b420ddd3f8,Data Center Technician- 2nd shift (Wednesday- Saturday),Cologix,"2+ years of experience in data center operations, structured cabling, telecom, IT support, or a related field preferred | ***Applicants must be authorized to work for any employer in the U.S. | We are unable to sponsor or transfer sponsorship of an employment visa at this time, including CPT/OPT.***",2,y,,
ashby:decagon:30b94a32-66bb-49cb-8879-03c9d00240f0,Agent Deployment Engineer,Decagon,"- Have 5+ years of relevant experience in a technical customer-facing role (e.g., solutions engineering, forward-deployed engineering, technical consulting, implementation engineering, technical product/PM, or similar).",5,,,
lever:upscale-ai:4efcf740-79ac-45be-a587-4898b28302ec,Senior ASIC Modeling Software Engineer,Upscale AI,"7+ years of experience in C/C++ architecture model development, cycle-aware simulation, or ASIC verification",7,,,
lever:trevipay:4a41b5e5-16b6-4b79-b547-224044bbf983,Credit Risk Analyst II,TreviPay,"With integrations to top eCommerce and ERP solutions and flexible trade credit options, TreviPay brings 40 years of experience serving leaders in manufacturing, retail and transportation. | 5+ Years of experience in small business application ‘grey area’ adjudication. | Completion of advanced courses in finance, accounting, and credit either through a bank sponsored training program or college course work.",5,,,
lever:istaridigital.ai:eb8c9188-695b-4429-aad3-7cb7b1d740c7,Forward Deployed Engineer,Istari Digital,"Challenges like connecting CAD, CFD, FEM pipelines to Istari's platform; unlocking cross-discipline and cross-clearance collaboration; enabling organizations to actually use the tools in which they've invested. | defense or aerospace context (clearance eligibility required; active clearance a strong plus) | citizenship required",,,y,y
lever:hatchit:9c8b397e-d943-4c75-98c7-02733931fb62,SOC Analyst,Hatch IT,"Location and Clearance Washington, DC – Onsite Active Secret or Top Secret clearance required (U.S. | Citizenship required) About the Company: Founded in 1997 and headquartered in Washington DC, Expression provides data fusion, data analytics, software engineering, information technology, and electromagnetic spectrum management solutions to the U.S. | Minimum of 4 years of experience in security operations, incident response, or cyber threat analysis.",4,,y,y
lever:latitudeinc:5bbeece6-a96a-41b2-8ea3-d8104a4ee49f,Radar Software Engineer (C++)- Security Clearance Required,Latitude,(no matching sentences),,,,
ashby:deepgram:c91de352-9f25-479e-8877-fbea9576a52c,Head of AI Enablement Engineering,Deepgram,"Backed by a recent Series C led by leading global investors and strategic partners, Deepgram has processed over 50,000 years of audio and transcribed more than 1 trillion words. | It's a high-visibility seat with executive sponsorship and a mandate to set direction where there is no established playbook.",,,,
lever:cgsfederal:7314a964-85f4-4f7a-9755-69330e89f468,Senior Lead Network Engineer II,CGS Federal (Contact Government Services),(no matching sentences),,,,
lever:wwprosolutions:81ad945d-92e0-404a-b0b0-9a6cbc352a6e,"Senior Project Manager, Vernon, TX – Data Center Construction",World Wide Professional Solutions,(no matching sentences),,,,
ashby:revel:f080b27d-92c7-4e1f-a85f-b4a7c166d738,"Internship: Software Engineer, Test",Revel,"- US citizen, lawful permanent resident, refugee, or asylee (ITAR requirement) | citizen or national, (ii) U.S. | lawful, permanent resident (aka green card holder), (iii) Refugee under 8 U.S.C.",,,y,
lever:quantinuum:68de3fa7-021a-4eae-89fe-646ad1ed2c53,Facilities Project Engineer Intern - 1001,Quantinuum,"citizen permanent resident or green card holder, workers granted asylum or refugee status | citizen.",,,y,
lever:weloglobal:287d2601-9908-4360-bd10-72d963d07c11,AI Trainers Network - Persian,Welo Global,(no matching sentences),,,,
ashby:exa:1f90ebb9-0f74-4a52-822a-d0ea6acdef4f,"Software Engineer, Knowledge Systems",Exa,"- Visas: We're happy to sponsor international candidates (e.g., STEM OPT, OPT, H1B, O1, E3). | While we cannot guarantee your visa, we have historically been successful in sponsoring candidates from all over the world. | If you receive an offer, our team will work hard to get you a visa.",,,
lever:weloglobal:be55cc98-ec0b-49f1-b06a-f4080ff89149,AI Trainers Network - Mongolian,Welo Global,(no matching sentences),,,,
lever:latitudeinc:d34532a4-da3d-4b92-86be-5c701ce047a3,Manufacturing Engineer,Latitude,"Minimum of 3 years of experience in manufacturing engineering, with a focus on batteries or Fuel Cells.",3,,,
ashby:revel:59555d75-bef1-4bbf-826e-aeb01e25eb29,Embedded Software Engineer (Mid-Senior),Revel,"- 3+ years of professional experience in systems programming (C/C++/Rust) or embedded software development. | citizen or national, (ii) U.S. | lawful, permanent resident (aka green card holder), (iii) Refugee under 8 U.S.C.",3,,y,
ashby:revenuecat:0ee633e4-d6c6-44c8-a4bb-f0fd0e32b22a,Senior SDK Engineer,RevenueCat,"- You have 8+ years of experience in software, and have shipped mobile apps to Apple App Store or Google Play Store",8,,,
ashby:teya:92314955-6b39-4126-8d68-23cd9bc25010,Senior Business Analyst,Teya,"- 3+ years' experience in business analytics, credit analytics, valuations, strategy, customer analytics or a similarly data-driven environment, ideally within financial services, lending, fintech or another commercially complex business.",3,,,
ashby:cobot:9a96442e-d4bc-4482-9aac-8622d96fa7df,Robotics Data Collection Operator - Santa Clara,Collaborative Robotics,"- Must be 18 years of age or older. | - Must have and maintain US work authorization. | This is an hourly, non-exempt position and is eligible for company-sponsored health benefits after 90 days of employment.",,,,
lever:synergyecp:60ad49c6-a873-497a-b09c-b9c99039c690,Senior Test Automation Engineer,Synergy ECP,Employees are encouraged to take advantage of our company-sponsored continuing education program so they can get their degree or that next certification needed to propel them towards the next level.,,,,
lever:cgsfederal:8b88f824-685a-4c82-b3a0-08288676e17c,Senior Data Specialist II,CGS Federal (Contact Government Services),(no matching sentences),,,,
lever:cgsfederal:2dcb2a8b-065d-497b-b825-7eeafd532a00,Senior FOIA Analyst,CGS Federal (Contact Government Services),"- Communicate and initiate negotiations with requesters, FOIA staff, sponsors (or regulated industry representatives), and contractors pertaining to records requested and associated information to be released. | - Ability to obtain a government security clearance. | - Active security clearance preferred.",,,,y
