id,title,system,role,level
1,"Account Director, Cyber",ashby,,unclear
2,Customer Service Rep(08370) - 3309 W Pico Blvd,smartrecruiters,,unclear
3,Senior Parallel File System Software Developer,smartrecruiters,swe,senior
4,"Senior Software Engineer, GNC Modeling",greenhouse,swe,senior
5,Product Manager - Veeva Clinical Operations,lever,product,unclear
6,"Manager, Statistical Programming",smartrecruiters,data,senior
7,AI Research Scientist - Safety,smartrecruiters,ai,unclear
8,Senior IT Systems & Security Engineer (CedD226),greenhouse,it,senior
9,"Senior Member of Technical Staff, Infrastructure Engineer",greenhouse,swe,senior
10,"Security Risk Analyst, Risk Engineering",greenhouse,security,unclear
11,Senior Civil Engineer - Site Design,greenhouse,,senior
12,Embedded Network Design Engineer,smartrecruiters,hardware,unclear
13,"Team Lead, Android Core Product - Anaheim, CA, USA",greenhouse,,senior
14,Construction Project Manager - K-12 Education,smartrecruiters,,unclear
15,Principal Robotics Machine Learning Engineer,greenhouse,ai,senior
16,IT Administrative Assistant,smartrecruiters,,unclear
17,Implant Equipment Engineer (Semiconductor),smartrecruiters,,unclear
18,IT Advanced AI Programmer Analyst (AI Solutions),workday,ai,unclear
19,"Senior Associate, Creative Automation, Marketing Technology Operations",greenhouse,,senior
20,"Data Engineer, AI Enablement",smartrecruiters,ai,unclear
21,"AI Engineer, Supercomputing, Special Programs - Top Secret Clearance",greenhouse,ai,unclear
22,Staff UX Designer,greenhouse,design,senior
23,Cyber Infrastructure & Tooling Engineer - Senior,greenhouse,security,senior
24,Strategic Finance Analyst II,ashby,,mid
25,IT Co-Op - Spring 2027,greenhouse,it,intern
26,"Store Operations Support Specialist (Baltimore, MD)",smartrecruiters,,unclear
27,Project Manager - NPD,smartrecruiters,,unclear
28,Data Analytics & AI Early Talent Pipeline,workday,data,entry
29,HPC Cloud Engineer,greenhouse,it,unclear
30,Software Engineer 2 (Hyrid) - AWS,greenhouse,swe,mid
31,Electrical Industrial Maintenance Technician,smartrecruiters,,unclear
32,Physical Security Systems Specialist,greenhouse,,unclear
33,"Senior Software Engineer, ML Systems",ashby,ai,senior
34,"Senior Engineering Manager, Infrastructure + Developer Productivity",ashby,swe,senior
35,"Chemist I - IC/HPLC (M-F, 3pm-12am) Eurofins Environment Testing Southwest, Calscience, Tustin, CA",smartrecruiters,,entry
36,"Sr. Product Manager, Subsystems",greenhouse,product,senior
37,Commercial Security Sales Consultant,greenhouse,,unclear
38,Electrical Engineering Intern,greenhouse,hardware,intern
39,Senior Scala Developer,greenhouse,swe,senior
40,Applied ML Engineer - Edge Devices,ashby,ai,unclear
41,"IS/IT Intern - Summer 2027 - Franklin, TN",workday,it,intern
42,"Principal Software Engineer, Perception",workday,ai,senior
43,"Security Officer — Sat–Sun, 7AM–3PM, Mon–Tues, 3PM–11PM",greenhouse,,unclear
44,Senior AI & ML Scientist,ashby,ai,senior
45,Customer Service Rep(02080) - 6915 University Ave.,smartrecruiters,,unclear
46,Customer Service Rep(02771) - 1141 S. Arlington Hts. Rd. #A,smartrecruiters,,unclear
47,Customer Service Rep(03719) - 201 Elm St,smartrecruiters,,unclear
48,Korean Bilingual Procurement Data Analyst II,greenhouse,data,mid
49,"Staff Product Designer, New Bets",greenhouse,design,senior
50,Staff Product Manager- Robot & Fleet Interfaces,ashby,product,senior
51,Consumer Insights Analyst,greenhouse,,unclear
52,"Account Manager, SMB",greenhouse,,unclear
53,"Team Lead, Android Core Product - Ithaca, NY, USA",greenhouse,,senior
54,Security Engineer (OT),greenhouse,security,unclear
55,Senior Product Designer - Onboarding & Activation,greenhouse,design,senior
56,Customer Service Rep(03772) - 56 Main St,smartrecruiters,,unclear
57,"DFx Manufacturing Engineer, Avionics & Electronics",greenhouse,,unclear
58,Technical Recruiter - AI/ML,greenhouse,,unclear
59,Federal Reserve Financial Services Sr. Product Owner,workday,product,senior
60,"Customer Success Associate Director, E-commerce",greenhouse,,senior
61,Sr. Lead FP&A Analyst,workday,,senior
62,"Program Manager, QuantumCT Lab to Market Accelerator",workday,,unclear
63,"Senior Manager, Partner Marketing – Security Partners",lever,,senior
64,Distributed Systems Security Engineer,ashby,security,unclear
65,"Director, Data & Storage Reliability Engineering",smartrecruiters,swe,senior
66,Customer Service Rep(08849) - 708 Slash Pine Dr,smartrecruiters,,unclear
67,Senior Mission Software Engineer,greenhouse,swe,senior
68,FPGA Associate (Winter 2027),greenhouse,hardware,entry
69,"Staff Design Engineer, Electrical",workday,hardware,senior
70,"Project Manager II, Special Projects - Power Distribution",ashby,,mid
71,Graphic Designer Partner Marketing,ashby,,unclear
72,Principal Machine Learning Engineer,smartrecruiters,ai,senior
73,Jr. IT (Security) Project Coordinator (Korean Bilingual),smartrecruiters,it,entry
74,Payload Mechanical Engineer Lead,greenhouse,,senior
75,Sr. Product Designer,smartrecruiters,design,senior
76,Embedded Controls Engineer - PCS (Power Conversion System),ashby,hardware,unclear
77,"Software Engineer, Sandboxing",greenhouse,swe,unclear
78,"Electrical Failure Analysis, Senior Engineer",smartrecruiters,hardware,senior
79,"Sr. Manager, Application and Pipeline Security",smartrecruiters,security,senior
80,"Intern, IT Specialist",greenhouse,it,intern
81,"Growth Marketing Manager, Web & Search",ashby,,unclear
82,"Sr. Construction Project Manager, Residential (Starbase Development)",greenhouse,,senior
83,Senior Manager - Machine Learning Engineering,smartrecruiters,ai,senior
84,"Director HSE, Data Center Operations",ashby,,senior
85,Software Engineer 1/2,lever,swe,entry
86,Network Planning & Design Manager,ashby,it,senior
87,Software Engineer - Developer Experience,ashby,swe,unclear
88,"Senior Product Designer, Knowledge Graph | NASA | Remote",greenhouse,design,senior
89,"Senior Software Engineer, Fullstack (App Experience)",greenhouse,swe,senior
90,Battery Engineer - Electrical,greenhouse,hardware,unclear
91,Mixed Signal Design Verification Engineer,workday,hardware,unclear
92,Security Program Manager,ashby,security,unclear
93,Systems Administrator - UNIX,lever,it,unclear
94,Project Manager - Commercial Real Estate Projects,smartrecruiters,,unclear
95,"Senior Product Engineer, Data",greenhouse,data,senior
96,Senior Product Designer,ashby,design,senior
97,"Project Controls Coordinator - Chandler, AZ - Semiconductor",lever,,unclear
98,"Lead InfoSec Engineer, Vulnerability Management",workday,security,senior
99,Electrical Engineer I,greenhouse,hardware,entry
100,Security Shift Supervisor,smartrecruiters,,unclear
101,AI Architect | Digital Products & AI,smartrecruiters,ai,senior
102,Engineer- Data Visualization Platform,lever,data,unclear
103,"Project Manager, Medical Affairs",greenhouse,,unclear
104,Software Engineer - Storage Infrastructure (Senior+),ashby,swe,senior
105,"Manager, Infrastructure",greenhouse,it,senior
106,Technical Program Manager - Security,ashby,product,unclear
107,Software Engineer II DevEx,greenhouse,swe,mid
108,Senior Generative AI Engineer,workday,ai,senior
109,Electronics Commodity Manager,workday,,senior
110,"Data Analyst, Exploration",greenhouse,data,unclear
111,Development Analyst / Associate – Eastern Region,workday,,unclear
112,"Move, Add, Change Project Manager (MAC Lead)",smartrecruiters,,unclear
113,"Team Lead, Android Core Product - Fort Worth, TX, USA",greenhouse,,senior
114,Presentation Designer (R5945),lever,,unclear
115,"Product Designer, Safeguards",greenhouse,design,unclear
116,Recruiter / Talent Acquisition,greenhouse,,unclear
117,"Manager, Product Design, Customer & Partner Experience",smartrecruiters,design,senior
118,Analyst,smartrecruiters,,unclear
119,"Antenna RF Engineer, EW",greenhouse,hardware,unclear
120,Sr. Marketing Strategy and Analytics Manager,greenhouse,,senior
121,Accounting Intern,ashby,,intern
122,Sr. Network Security Engineer,greenhouse,security,senior
123,Senior Civil Designer - Site Design,greenhouse,,senior
124,MTS - Engineering (Security),ashby,security,unclear
125,"Test Engineer, System-Level Test (SLT)",greenhouse,hardware,unclear
126,Summer 2027 Internship - Information Technology,greenhouse,it,intern
127,Information Operations SME,greenhouse,,unclear
128,"Applied AI Engineer, Beneficial Deployments (Life Sciences)",greenhouse,ai,unclear
129,"Senior Network Security Engineer, Space",greenhouse,security,senior
130,AI Solutions Architect,greenhouse,ai,senior
131,Associate Data Analyst,workday,data,entry
132,Nuclear Facility Electrical Project Engineer,smartrecruiters,,unclear
133,Application Security Intern - GPSU/NE,greenhouse,security,intern
134,Oracle Security Manager,greenhouse,security,senior
135,Classified Systems Administrator,greenhouse,it,unclear
136,"Compounder, Fragrance Manufacturing",ashby,,unclear
137,"Engineering Manager, Cloud Monitoring Services Platform",ashby,swe,senior
138,Senior Business Systems Analyst – Docusign & Legal Applications,workday,it,senior
139,Lead Mechanical Project Manager,smartrecruiters,,senior
140,Designer/Drafter,smartrecruiters,,unclear
141,Enterprise Account Partner - Veeva Data Cloud,lever,,unclear
142,Quality Source Inspector - PCBA - Level II,lever,,unclear
143,Network & Infrastructure Leader,greenhouse,it,senior
144,Mid-Level AI Engineer,ashby,ai,mid
145,Sr. Security Engineer (Detection),ashby,security,senior
146,Customer Service Rep(03555) - 432 North Avenue,smartrecruiters,,unclear
147,"High Volume Retail Banking Construction Project Manager (HVAC, Roofing, Parking Lots) Mountain Time Zone",smartrecruiters,,unclear
148,"Lead, Security & Loss Prevention - 3rd Shift",greenhouse,,senior
149,Project Coordinator - Data Centers,smartrecruiters,,unclear
150,"Staff Software Engineer, DevOps - Moveworks",smartrecruiters,swe,senior
151,Senior SAP CRM Developer – ABAP / Web UI (Korean Bilingual),smartrecruiters,swe,senior
152,"Senior Electrical Engineer, Rocket Motor Systems",greenhouse,hardware,senior
153,Application Security Engineer - North Central region,greenhouse,security,unclear
154,Hardware Platform Development Intern,greenhouse,hardware,intern
155,UX Design Research Intern,workday,design,intern
156,Full-Time Security Officer: (Sat-Tues 11PM - 7AM),greenhouse,,unclear
157,Senior Software Engineer - Managed Kubernetes,ashby,swe,senior
158,Aviation Senior Project Manager – Airfield Construction,smartrecruiters,,senior
159,"Senior Research Scientist, Battlespace Awareness",greenhouse,,senior
160,"Business Unit Manager - Eurofins Built Environment Testing, Pacific Northwest",smartrecruiters,,unclear
161,"Project Manager, Professional Services Operations",greenhouse,,unclear
162,"Motion Designer, Bravo",smartrecruiters,,unclear
163,"Director, Accounting Systems & AI Transformation",ashby,,senior
164,"Technical Program Manager, Hardware (PEL)",smartrecruiters,product,unclear
165,"PhD Intern, Data Science (2027)",greenhouse,data,intern
166,Customer Service Rep(08916) - 6420 B1 Rea Road,smartrecruiters,,unclear
167,Cybersecurity Sales Specialist,greenhouse,,unclear
168,Distribution Services Operations Supervisor - 6 Month Contract,workday,,unclear
169,Electrical Engineering Internship - Facilities (Healthcare),greenhouse,,intern
170,"Team Lead, Android Core Product - Scottsdale, AZ, USA",greenhouse,,senior
171,"Senior Software Engineer, Cloud Infrastructure",ashby,swe,senior
172,Data Engineer Intern (2027),greenhouse,data,intern
173,Perception Engineer - Multimodal & Embodied AI (R6022),lever,ai,unclear
174,"Acquisition Program Analyst, Junior",lever,,entry
175,"Sr. Strategic Sourcing Manager, Engineering Infrastructure",greenhouse,,senior
176,"High Volume Retail Banking Construction Project Manager (HVAC, Roofing, Parking Lots) Central Time Zone",smartrecruiters,,unclear
177,"Product Designer, Level 1",workday,design,entry
178,Customer Service Rep(02622) 2316 Franklin St,smartrecruiters,,unclear
179,"Associate Director of Stewardship Operations, Wharton External Affairs",workday,,senior
180,Customer Service Rep(09191) - 3100 West Iles Ave.,smartrecruiters,,unclear
181,Marketing Program Manager - Senior Consultant,smartrecruiters,,unclear
182,Procurement Policy Analyst,smartrecruiters,,unclear
183,(8408) Phoenix: Customer Service Rep,smartrecruiters,,unclear
184,Service Desk Analyst,greenhouse,it,unclear
185,"Sr. Spaceport Designer, Architect (Starbase Development)",greenhouse,,unclear
186,"Sr. IT Systems Administrator, IT Applications",greenhouse,it,senior
187,"Electrical Engineering Lead, Data Centers - Remote (U.S.)",smartrecruiters,,senior
188,Cloud System Administrator 2,lever,it,mid
189,Advisor IT Systems Advisor,workday,it,unclear
190,Cloud Engineer,greenhouse,it,unclear
191,"Supplier Development Engineer, PCBA (Starlink)",greenhouse,,unclear
192,Assistant Manager(02639) -1020 E Tillman Rd,smartrecruiters,,unclear
193,"Product Manager, Senior - Regulatory",lever,product,senior
194,"Principal Product Manager, Infrastructure",greenhouse,product,senior
195,Senior Android Developer,greenhouse,swe,senior
196,"Sr. Global Supply Manager, Semiconductor Electronic Components (Starlink)",greenhouse,,senior
197,"Director of Product Design, CNBC",smartrecruiters,design,senior
198,UX Designer / UX Researcher,greenhouse,design,unclear
199,Project Manager - Healthcare Construction,smartrecruiters,,unclear
200,Delivery Driver(06603) - 1931 E. Oltorf St.,smartrecruiters,,unclear
