system,slug,fein,dol_name,reason
greenhouse,spacex,01-0627671,Space Exploration Technologies Corp.,legal name
greenhouse,airtable,46-2070030,"Formagrid, Inc.",legal name
greenhouse,lucidmotors,26-1618465,"Lucid USA, Inc.",US operating company
greenhouse,imc,36-4366168,"IMC Americas, Inc.",US operating company
greenhouse,grafanalabs,47-2051727,RAINTANK INC.,legal name
greenhouse,togetherai,88-3607609,"Together Computer, Inc.",legal name
greenhouse,thealleninstitute,82-4083177,Allen Institute for Artificial Intelligence,legal name
ashby,polymarket,82-3333882,Blockratize Inc.,legal name
ashby,sentry,47-4554430,"Functional Software, Inc.",legal name
ashby,clipboard,81-2607261,Twomagnets LLC,legal name
ashby,flock safety,82-0594875,Flock Group Inc.,legal name
