system,slug,company,true_feins
ashby,meticulous,Meticulous,
greenhouse,grafanalabs,Grafana Labs,47-2051727
lever,cscgeneration-2,CSC Generation,
lever,girlswhocode,Girls Who Code,
ashby,lambda,Lambda,46-1144275
greenhouse,alphataraxia,Alphataraxia,
lever,sep,SEP,
greenhouse,silvus,Silvus Technologies,
lever,trio,Trio,
lever,questanalytics,Quest Analytics,30-0381293
lever,belvederetrading,Belvedere Trading,
greenhouse,testlio,Testlio,
greenhouse,awetomaton,Awetomaton,
ashby,abound,Abound,
ashby,gridcare,GridCARE,
ashby,logiqal,Logiqal,
greenhouse,dvtrading,DV Trading,81-2060024
ashby,jigsaw,Jigsaw,
greenhouse,trace3,Trace3,95-4876514
ashby,ando,Ando,
lever,bellwetheram-2,Bellwether,
greenhouse,genevatrading,Geneva Trading,36-4398436
greenhouse,540,540,
greenhouse,proconex,Proconex,
greenhouse,brevium,Brevium,
greenhouse,lexingtonmedical,Lexington Medical,
greenhouse,mavensecuritiesholdingltd,Maven Securities,98-1441539
greenhouse,onboardmeetings,OnBoard,
lever,grailbio,GRAIL,86-3673636
ashby,gimlet,Gimlet Labs,93-3318131
greenhouse,katalyst,Katalyst Space Technologies,
ashby,homebase,Homebase,
lever,shyftlabs,ShyftLabs,
lever,omnidesigntech,Omni Design Technologies,47-3497833
greenhouse,enigmaio,Enigma,45-2236667
greenhouse,ebury,Ebury,
greenhouse,underdogfantasy,Underdog Fantasy,87-4798581
ashby,outpostnow,Outpost Technologies,
lever,voltus,Voltus,81-3538282
greenhouse,freeformfuturecorp,Freeform,
ashby,blackbird-labs-inc,Blackbird Labs,88-2148344
greenhouse,nationallifeinsurancecompany,National Life,03-0144090
greenhouse,momentumcompany3,Momentum,
greenhouse,vercel,Vercel,47-5513830
greenhouse,sironamedical,Sirona Medical,32-0567454
ashby,humanoid,Humanoid,
greenhouse,qualifiedhealth,Qualified Health,93-4598038
lever,zoox,Zoox,47-1523316
lever,schmidt-entities,Schmidt Sciences,93-3926551
lever,civitech,Civitech,
